GeneSymbol,Type,Name,ProteinChange,Residue,pLDDT,Rosetta_ddG,AlphaMissense
MYH7,single nucleotide variant,NM_000257.4(MYH7):c.1522T>C (p.Trp508Arg),Trp508Arg,508,90.47,-1.05,1.0
MYH7,single nucleotide variant,NM_000257.4(MYH7):c.1522T>C (p.Trp508Arg),Trp508Arg,508,90.47,0.39,1.0
MYH7,single nucleotide variant,NM_000257.4(MYH7):c.730T>C (p.Phe244Leu),Phe244Leu,244,69.61,-1.71,0.9999
MYH7,single nucleotide variant,NM_000257.4(MYH7):c.730T>C (p.Phe244Leu),Phe244Leu,244,69.61,1.15,0.9999
MYH7,single nucleotide variant,NM_000257.4(MYH7):c.1395C>G (p.Phe465Leu),Phe465Leu,465,89.09,-1.05,0.9999
MYH7,single nucleotide variant,NM_000257.4(MYH7):c.1395C>G (p.Phe465Leu),Phe465Leu,465,89.09,-0.49,0.9999
MYH7,single nucleotide variant,NM_000257.4(MYH7):c.1973T>C (p.Leu658Pro),Leu658Pro,658,80.27,-0.6,0.9999
MYH7,single nucleotide variant,NM_000257.4(MYH7):c.1973T>C (p.Leu658Pro),Leu658Pro,658,80.27,-1.26,0.9999
MYH7,single nucleotide variant,NM_000257.4(MYH7):c.5306T>C (p.Leu1769Pro),Leu1769Pro,1769,,0.31,0.9999
MYH7,single nucleotide variant,NM_000257.4(MYH7):c.5306T>C (p.Leu1769Pro),Leu1769Pro,1769,,-0.51,0.9999
MYH7,single nucleotide variant,NM_000257.4(MYH7):c.2078T>C (p.Leu693Pro),Leu693Pro,693,30.55,1.17,0.9999
MYH7,single nucleotide variant,NM_000257.4(MYH7):c.2078T>C (p.Leu693Pro),Leu693Pro,693,30.55,4.55,0.9999
MYH7,single nucleotide variant,NM_000257.4(MYH7):c.1446C>A (p.Asn482Lys),Asn482Lys,482,80.34,0.91,0.9999
MYH7,single nucleotide variant,NM_000257.4(MYH7):c.1446C>A (p.Asn482Lys),Asn482Lys,482,80.34,1.34,0.9999
MYH7,single nucleotide variant,NM_000257.4(MYH7):c.1482T>G (p.Phe494Leu),Phe494Leu,494,71.13,-2.12,0.9999
MYH7,single nucleotide variant,NM_000257.4(MYH7):c.1482T>G (p.Phe494Leu),Phe494Leu,494,71.13,-2.24,0.9999
MYH7,single nucleotide variant,NM_000257.4(MYH7):c.1480T>C (p.Phe494Leu),Phe494Leu,494,71.13,1.42,0.9999
MYH7,single nucleotide variant,NM_000257.4(MYH7):c.1480T>C (p.Phe494Leu),Phe494Leu,494,71.13,-4.14,0.9999
MYH7,single nucleotide variant,NM_000257.4(MYH7):c.1395C>A (p.Phe465Leu),Phe465Leu,465,89.09,-3.5,0.9999
MYH7,single nucleotide variant,NM_000257.4(MYH7):c.1395C>A (p.Phe465Leu),Phe465Leu,465,89.09,-1.32,0.9999
